[
  {
    "name": "Google",
    "icon_url": "https://encrypted-tbn0.gstatic.com/images?q\u003dtbn:ANd9GcRL2tRbbjdZIZEnJ7hw-eikJXASzVbQKEG-iA\u0026usqp\u003dCAU",
    "url": "https://www.google.com"
  },
  {
    "name": "YouTube",
    "icon_url": "https://play-lh.googleusercontent.com/lMoItBgdPPVDJsNOVtP26EKHePkwBg-PkuY9NOrc-fumRtTFP4XhpUNk_22syN4Datc",
    "url": "https://www.youtube.com"
  },
  {
    "name": "Facebook",
    "icon_url": "https://static-00.iconduck.com/assets.00/facebook-icon-512x512-seb542ju.png",
    "url": "https://www.facebook.com"
  },
  {
    "name": "Twitter",
    "icon_url": "https://about.x.com/content/dam/about-twitter/x/large-x-logo.png.twimg.1920.png",
    "url": "https://twitter.com"
  },
  {
    "name": "Instagram",
    "icon_url": "https://upload.wikimedia.org/wikipedia/commons/thumb/9/95/Instagram_logo_2022.svg/1200px-Instagram_logo_2022.svg.png",
    "url": "https://www.instagram.com"
  },
  {
    "name": "LinkedIn",
    "icon_url": "https://upload.wikimedia.org/wikipedia/commons/thumb/c/ca/LinkedIn_logo_initials.png/480px-LinkedIn_logo_initials.png",
    "url": "https://www.linkedin.com"
  },
  {
    "name": "Amazon",
    "icon_url": "https://encrypted-tbn0.gstatic.com/images?q\u003dtbn:ANd9GcSZRcHj0Z28EfsP68SXkJ36jKKM8YnwC0TIhQ\u0026usqp\u003dCAU",
    "url": "https://www.amazon.com"
  },
  {
    "name": "Wikipedia",
    "icon_url": "https://upload.wikimedia.org/wikipedia/commons/thumb/4/46/Wikipedia-W-visual-balanced.svg/1280px-Wikipedia-W-visual-balanced.svg.png",
    "url": "https://www.wikipedia.org"
  }
]